Date,Stock Price,P/E,P/B,ROE,ROA
10/3/2014,4.87,4.6749,0.845,19.2584,1.3573
10/10/2014,4.89,4.689,0.8455,19.2316,1.3561
10/17/2014,4.92,4.6953,0.8457,19.2298,1.3546
10/24/2014,4.99,4.7441,0.8537,19.2108,1.3535
10/31/2014,5.13,4.9024,0.8781,19.1142,1.3483
11/7/2014,5,4.7751,0.8553,19.1041,1.3522
11/14/2014,5.11,4.8761,0.8731,19.0917,1.353
11/21/2014,4.96,4.7174,0.8438,19.0556,1.3498
11/28/2014,5.26,5.0314,0.8964,18.9969,1.346
12/5/2014,5.48,5.2524,0.9331,18.9621,1.345
12/12/2014,5.29,5.0753,0.9039,18.9611,1.3486
12/19/2014,5.37,5.1851,0.9202,18.8712,1.3487
12/26/2014,5.46,5.2601,0.9321,18.8409,1.3476
1/2/2015,5.77,5.5342,0.9816,18.9007,1.356
1/9/2015,5.73,5.5055,0.9648,18.6284,1.359
1/16/2015,5.68,5.4622,0.9557,18.6082,1.358
1/23/2015,5.84,5.6236,0.983,18.591,1.358
1/30/2015,5.58,5.3778,0.9379,18.5628,1.358
2/6/2015,5.61,5.392,0.9394,18.5451,1.358
2/13/2015,5.65,5.4243,0.9428,18.5225,1.358
2/20/2015,5.68,5.4631,0.947,18.4769,1.3571
2/27/2015,5.66,5.4518,0.9444,18.4607,1.3572
3/6/2015,5.44,5.2447,0.9052,18.4297,1.3506
3/13/2015,5.55,5.3473,0.9204,18.3769,1.3506
3/20/2015,5.69,5.4544,0.935,18.2585,1.3457
3/27/2015,5.5,5.4051,0.9003,17.6376,1.3162
4/3/2015,5.85,5.7288,0.9509,17.5409,1.3169
4/10/2015,6.27,6.1614,1.0177,17.4502,1.3217
4/17/2015,6.79,6.6536,1.094,17.3168,1.3117
4/24/2015,6.78,6.6433,1.0889,17.3108,1.3112
5/1/2015,6.74,6.6268,1.0784,17.2241,1.3027
5/8/2015,6.54,6.4486,1.0454,17.197,1.3022
5/15/2015,6.61,6.5165,1.0534,17.1365,1.3017
5/22/2015,6.8,6.7014,1.0791,17.1149,1.3011
5/29/2015,6.75,6.6377,1.0677,17.0928,1.3012
6/5/2015,6.62,6.5212,1.0463,17.0438,1.2983
6/12/2015,6.68,6.5939,1.0551,16.9818,1.295
6/19/2015,6.34,6.2544,0.9996,16.9587,1.2944
6/26/2015,6.6,6.5026,1.038,16.9355,1.2939
7/3/2015,6.21,6.1533,0.9738,16.7187,1.2889
7/10/2015,5.66,5.6139,0.8874,16.6949,1.2882
7/17/2015,5.69,5.6583,0.8885,16.5825,1.2829
7/24/2015,5.56,5.5347,0.8661,16.5211,1.279
7/31/2015,5.34,5.3105,0.83,16.4967,1.2782
8/7/2015,5.39,5.3575,0.8362,16.4722,1.2774
8/14/2015,5.25,5.3681,0.8367,16.4376,1.2752
8/21/2015,4.93,5.035,0.7838,16.5772,1.2745
8/28/2015,4.52,4.655,0.7187,16.217,1.2494
9/4/2015,4.4,4.537,0.6956,16.0871,1.2374
9/11/2015,4.7,4.8594,0.7427,16.032,1.2309
9/18/2015,4.75,4.9099,0.7482,15.9885,1.2275
9/25/2015,4.53,4.7041,0.7126,15.9412,1.2259
10/2/2015,4.55,4.7173,0.7133,15.8996,1.2218
10/9/2015,4.98,5.1465,0.7771,15.8714,1.2205
10/16/2015,5.04,5.2307,0.787,15.8431,1.2193
10/23/2015,5.14,5.3261,0.8002,15.8148,1.2181
10/30/2015,4.95,5.1034,0.7656,15.7822,1.213
11/6/2015,4.87,5.0901,0.7564,15.7441,1.2197
11/13/2015,4.75,4.9914,0.7388,15.6631,1.2182
11/20/2015,4.88,5.1346,0.7587,15.6337,1.2167
11/27/2015,4.69,4.9494,0.7295,15.6155,1.2124
12/4/2015,4.65,4.9179,0.7219,15.5362,1.2025
12/11/2015,4.52,4.8094,0.7073,15.517,1.2103
12/18/2015,4.68,5.0177,0.7341,15.4901,1.2069
12/25/2015,4.8,5.1431,0.7511,15.4601,1.2053
1/1/2016,4.68,5.0225,0.7325,15.436,1.204
1/8/2016,4.35,4.7617,0.69,15.2979,1.1886
1/15/2016,4.05,4.393,0.6361,15.2838,1.1882
1/22/2016,3.92,4.2716,0.6163,15.1818,1.1878
1/29/2016,4.03,4.386,0.6323,15.1677,1.1875
2/5/2016,3.99,4.3499,0.6245,15.1674,1.1809
2/12/2016,3.73,4.0801,0.5845,15.097,1.1693
2/19/2016,3.92,4.2619,0.6087,14.9907,1.1623
2/26/2016,3.87,4.2117,0.601,15.0304,1.162
3/4/2016,4.09,4.4434,0.6319,14.9615,1.1617
3/11/2016,4.15,4.5217,0.6383,14.8353,1.1492
3/18/2016,4.33,4.7416,0.6654,14.6647,1.1328
3/25/2016,4.23,4.6575,0.6525,14.6512,1.1325
4/1/2016,4.22,4.6325,0.6452,14.6185,1.14
4/8/2016,4.11,4.5029,0.6255,14.5766,1.1468
4/15/2016,4.35,4.7767,0.6624,14.5679,1.1489
4/22/2016,4.31,4.7318,0.6569,14.4332,1.1524
4/29/2016,4.21,4.6144,0.637,14.3864,1.145
5/6/2016,3.98,4.3757,0.6037,14.3952,1.1403
5/13/2016,3.87,4.2813,0.5883,14.3413,1.1392
5/20/2016,3.87,4.3049,0.5864,14.2015,1.1383
5/27/2016,4.08,4.5414,0.6193,14.1811,1.1369
6/3/2016,4.19,4.6542,0.6339,14.1608,1.1355
6/10/2016,4.19,4.6655,0.6346,14.1322,1.1382
6/17/2016,4.11,4.5954,0.6234,13.9505,1.1312
6/24/2016,4.31,4.855,0.6566,13.9224,1.1273
7/1/2016,4.29,4.8478,0.6547,13.905,1.126
7/8/2016,4.14,4.6978,0.6337,13.8839,1.1247
7/15/2016,4.34,4.9295,0.6645,13.8358,1.1177
7/22/2016,4.39,4.9738,0.6691,13.8145,1.1163
7/29/2016,4.39,4.9349,0.6636,13.8171,1.1149
8/5/2016,4.48,5.0351,0.6773,13.8218,1.1135
8/12/2016,4.79,5.3522,0.7193,13.8288,1.1147
8/19/2016,4.91,5.4959,0.7376,13.8075,1.1131
8/26/2016,4.94,5.5368,0.7436,13.7799,1.1114
9/2/2016,4.9,5.4985,0.7377,13.6986,1.102
9/9/2016,5.06,5.6871,0.7619,13.6743,1.1001
9/16/2016,4.82,5.3615,0.7195,13.7123,1.107
9/23/2016,4.88,5.4843,0.7258,13.6548,1.1015
9/30/2016,4.85,5.453,0.7196,13.628,1.0995
10/7/2016,5,5.6225,0.743,13.6832,1.1002
10/14/2016,4.72,5.3278,0.7034,13.6773,1.1013
10/21/2016,4.72,5.3396,0.7064,13.6688,1.1017
10/28/2016,4.63,5.2664,0.6954,13.6144,1.0996
11/4/2016,4.65,5.2638,0.6921,13.6249,1.1022
11/11/2016,4.6,5.2414,0.688,13.6003,1.1001
11/18/2016,4.48,5.1659,0.677,13.5757,1.0979
11/25/2016,4.67,5.404,0.7073,13.5511,1.0958
12/2/2016,4.75,5.4401,0.7137,13.6153,1.1121
12/9/2016,4.85,5.58,0.7309,13.5917,1.1103
12/16/2016,4.57,5.2971,0.6926,13.5682,1.1085
12/23/2016,4.49,5.1945,0.6773,13.4963,1.097
12/30/2016,4.65,5.3769,0.7,13.472,1.095
1/6/2017,4.73,5.434,0.7069,13.5414,1.1026
1/13/2017,4.77,5.4423,0.7069,13.5288,1.1022
1/20/2017,4.71,5.3642,0.6919,13.4965,1.0978
1/27/2017,4.78,5.4616,0.703,13.5019,1.0975
2/3/2017,4.7,5.3183,0.6845,13.4415,1.0973
2/10/2017,4.86,5.5344,0.7112,13.4282,1.0969
2/17/2017,5.06,5.7432,0.7373,13.4276,1.0966
2/24/2017,5.14,5.7977,0.7471,13.4275,1.0993
3/3/2017,4.93,5.5838,0.7189,13.4316,1.0993
3/10/2017,4.91,5.5545,0.7181,13.4205,1.0994
3/17/2017,5.16,5.8175,0.7525,13.4093,1.0994
3/24/2017,5.16,5.7832,0.7499,13.41,1.0995
3/31/2017,5.08,5.6496,0.7368,13.5382,1.1098
4/7/2017,5.01,5.5634,0.7313,13.6462,1.1148
4/14/2017,5.02,5.5656,0.7278,13.61,1.1137
4/21/2017,4.96,5.491,0.7195,13.682,1.1189
4/28/2017,5.08,5.6175,0.7348,13.6683,1.1185
5/5/2017,4.96,5.509,0.7155,13.6234,1.1127
5/12/2017,5.08,5.6471,0.7319,13.6339,1.1113
5/19/2017,5.07,5.6227,0.7272,13.5933,1.1093
5/26/2017,5.19,5.7358,0.7402,13.5963,1.1077
6/2/2017,5.4,5.9234,0.7635,13.5831,1.1048
6/9/2017,5.22,5.7021,0.734,13.5737,1.1044
6/16/2017,5.19,5.6695,0.7289,13.5577,1.1039
6/23/2017,5.2,5.6862,0.7315,13.5498,1.1025
6/30/2017,5.27,5.7122,0.7351,13.5115,1.0945
7/7/2017,4.88,5.3052,0.6819,13.4973,1.0914
7/14/2017,5.27,5.7015,0.7321,13.4932,1.0908
7/21/2017,5.36,5.7645,0.7413,13.4928,1.0917
7/28/2017,5.42,5.8287,0.7476,13.4325,1.0925
8/4/2017,5.63,6.0306,0.7736,13.4227,1.0907
8/11/2017,5.3,5.6257,0.721,13.4094,1.093
8/18/2017,5.48,5.8153,0.7445,13.4032,1.0929
8/25/2017,5.96,6.3003,0.8057,13.3923,1.0923
9/1/2017,5.8,5.9576,0.7711,13.6113,1.1186
9/8/2017,5.82,5.9023,0.765,13.5877,1.1183
9/15/2017,5.73,5.8385,0.7575,13.577,1.118
9/22/2017,5.84,5.9694,0.7761,13.6043,1.119
9/29/2017,5.8,5.9513,0.7749,13.5938,1.1187
10/6/2017,6.38,6.5491,0.8525,13.6368,1.1185
10/13/2017,6.37,6.4597,0.8403,13.627,1.1182
10/20/2017,6.3,6.43,0.8356,13.6093,1.1179
10/27/2017,6.39,6.5463,0.8501,13.5997,1.1176
11/3/2017,6.25,6.3438,0.8286,13.6844,1.1225
11/10/2017,6.2,6.3013,0.8226,13.6757,1.1223
11/17/2017,6.19,6.25,0.8154,13.667,1.1222
11/24/2017,6.23,6.2488,0.8152,13.6509,1.122
12/1/2017,6.08,6.0859,0.7935,13.6413,1.1218
12/8/2017,5.9,5.9432,0.7736,13.6059,1.1216
12/15/2017,6.14,6.1579,0.801,13.5963,1.1214
12/22/2017,6.28,6.2495,0.8125,13.5954,1.1232
12/29/2017,6.29,6.1998,0.8053,13.586,1.123
1/5/2018,6.56,6.4287,0.8361,13.5929,1.123
1/12/2018,6.64,6.4559,0.8401,13.62,1.1263
1/19/2018,7.19,6.7004,0.8997,13.5756,1.1249
1/26/2018,7.34,6.9618,0.9058,13.5906,1.1345
2/2/2018,7.39,6.9463,0.906,13.6445,1.1363
2/9/2018,6.53,6.1239,0.7989,13.6396,1.1363
2/16/2018,6.99,6.5645,0.8598,13.7259,1.1417
2/23/2018,7.03,6.5811,0.8623,13.7127,1.142
3/2/2018,6.67,6.2291,0.817,13.7324,1.1422
3/9/2018,6.88,6.388,0.8404,13.7478,1.1399
3/16/2018,6.92,6.4066,0.8427,13.7434,1.1401
3/23/2018,6.65,6.1262,0.8057,13.7027,1.1403
3/30/2018,6.73,6.1242,0.8184,13.9659,1.1494
4/6/2018,6.63,6.0362,0.8057,13.9558,1.1441
4/13/2018,6.82,6.1768,0.8233,13.9277,1.1457
4/20/2018,6.77,6.134,0.8174,13.9214,1.1463
4/27/2018,6.78,6.16,0.8225,13.9194,1.147
5/4/2018,6.69,6.1433,0.8158,13.8706,1.141
5/11/2018,6.85,6.2531,0.8313,13.8802,1.1404
5/18/2018,6.75,6.2002,0.824,13.8776,1.1411
5/25/2018,6.62,6.0562,0.8075,13.8792,1.1424
6/1/2018,6.51,5.9792,0.7971,13.8757,1.1431
6/8/2018,6.59,6.0258,0.8038,13.8718,1.1472
6/15/2018,6.33,5.7901,0.7717,13.87,1.1479
6/22/2018,6.03,5.5785,0.7448,13.8946,1.1487
6/29/2018,5.87,5.5173,0.7358,13.8779,1.1484
7/6/2018,5.53,5.2077,0.6942,13.8723,1.1495
7/13/2018,5.61,5.3512,0.7125,13.8702,1.1502
7/20/2018,5.56,5.3393,0.7097,13.8291,1.1472
7/27/2018,5.82,5.6124,0.7459,13.8268,1.1478
8/3/2018,5.71,5.5252,0.7341,13.8235,1.1484
8/10/2018,5.78,5.5942,0.7428,13.8117,1.1467
8/17/2018,5.62,5.4579,0.723,13.7644,1.1391
8/24/2018,5.73,5.5162,0.7301,13.7583,1.1409
8/31/2018,5.78,5.5593,0.7398,13.866,1.1521
9/7/2018,5.64,5.4209,0.7229,13.8726,1.1557
9/14/2018,5.49,5.3029,0.7045,13.8724,1.1564
9/21/2018,5.74,5.5637,0.7377,13.87,1.157
9/28/2018,5.72,5.5712,0.7333,13.7973,1.1454
10/5/2018,5.34,5.1865,0.6828,13.7945,1.1459
10/12/2018,5.27,5.1506,0.6779,13.7904,1.1464
10/19/2018,5.23,5.106,0.6718,13.784,1.1463
10/26/2018,5.26,5.1387,0.676,13.7811,1.1468
11/2/2018,5.56,5.4414,0.7108,13.6913,1.132
11/9/2018,5.34,5.2758,0.6875,13.6442,1.1188
11/16/2018,5.43,5.3436,0.6961,13.6349,1.1189
11/23/2018,5.42,5.3271,0.6942,13.6493,1.1216
11/30/2018,5.56,5.4707,0.7119,13.6442,1.1217
12/7/2018,5.47,5.3451,0.6923,13.5482,1.1019
12/14/2018,5.5,5.4247,0.6993,13.4841,1.1007
12/21/2018,5.48,5.3895,0.6941,13.4493,1.0964
12/28/2018,5.46,5.3541,0.6865,13.3817,1.0951
1/4/2019,5.52,5.4085,0.692,13.3468,1.2177
1/11/2019,5.71,5.4963,0.7034,13.3343,1.2067
1/18/2019,5.76,5.5673,0.709,13.2837,1.1738
1/25/2019,5.97,5.7358,0.7302,13.274,1.1731
2/1/2019,6.02,5.7643,0.7342,13.2914,1.1688
2/8/2019,5.94,5.6794,0.723,13.2849,1.1683
2/15/2019,5.82,5.5803,0.7101,13.2785,1.1678
2/22/2019,5.97,5.6661,0.7206,13.2575,1.1682
3/1/2019,6.03,5.736,0.727,13.1889,1.1592
3/8/2019,5.88,5.5977,0.7091,13.1827,1.1588
3/15/2019,5.97,5.669,0.7178,13.2036,1.1583
3/22/2019,5.96,5.6237,0.7153,13.293,1.1656
3/29/2019,5.75,5.4455,0.6896,13.2102,1.158
4/5/2019,5.94,5.6186,0.7111,13.1869,1.1594
4/12/2019,5.87,5.5401,0.6989,13.139,1.1647
4/19/2019,6,5.6863,0.7137,13.032,1.1651
4/26/2019,5.87,5.6154,0.7009,12.9245,1.1477
5/3/2019,5.91,5.6584,0.7042,12.8788,1.1512
5/10/2019,5.52,5.3606,0.6646,12.8382,1.1508
5/17/2019,5.52,5.4278,0.673,12.8308,1.1503
5/24/2019,5.62,5.5204,0.6822,12.8486,1.1483
5/31/2019,5.6,5.504,0.6798,12.8407,1.1478
6/7/2019,5.57,5.4611,0.6751,12.791,1.1508
6/14/2019,5.74,5.696,0.6976,12.7381,1.0798
6/21/2019,5.93,5.8427,0.7151,12.7306,1.0797
6/28/2019,5.7,5.6106,0.6854,12.7252,1.0796
7/5/2019,5.55,5.4892,0.6705,12.7172,1.0794
7/12/2019,5.52,5.4235,0.662,12.7091,1.0793
7/19/2019,5.58,5.5209,0.6712,12.6356,1.0738
7/26/2019,5.52,5.4458,0.6616,12.6274,1.0735
8/2/2019,5.16,5.1257,0.6223,12.6191,1.0732
8/9/2019,4.98,5.0075,0.6076,12.6311,1.0761
8/16/2019,4.96,4.9686,0.6025,12.6229,1.0759
8/23/2019,4.95,4.9944,0.6047,12.6153,1.0763
8/30/2019,4.95,5.0444,0.6088,12.6076,1.0687
9/6/2019,5.18,5.245,0.6326,12.5884,1.0683
9/13/2019,5.45,5.4944,0.6622,12.6371,1.0654
9/20/2019,5.28,5.3177,0.6402,12.6519,1.0635
9/27/2019,5.19,5.2333,0.6307,12.6445,1.063
10/4/2019,5.16,5.2154,0.6273,12.637,1.0624
10/11/2019,5.37,5.3673,0.6471,12.6326,1.0611
10/18/2019,5.42,5.4222,0.6516,12.6246,1.0606
10/25/2019,5.56,5.5524,0.6662,12.616,1.0599
11/1/2019,5.71,5.6538,0.6805,12.6171,1.0629
11/8/2019,5.86,5.7705,0.6941,12.6095,1.0624
11/15/2019,5.61,5.517,0.6645,12.629,1.0655
11/22/2019,5.66,5.586,0.6721,12.615,1.0651
11/29/2019,5.58,5.4989,0.6617,12.6166,1.0639
12/6/2019,5.55,5.4649,0.6573,12.5715,1.0607
12/13/2019,5.8,5.7009,0.6848,12.5513,1.0573
12/20/2019,5.98,5.893,0.7063,12.5306,1.0568
12/27/2019,6,5.8891,0.7067,12.5293,1.0562
1/3/2020,6,5.8782,0.7044,12.5103,1.0539
1/10/2020,5.93,5.7691,0.6895,12.4342,1.0535
1/17/2020,5.89,5.6861,0.6787,12.4179,1.052
1/24/2020,5.62,5.4466,0.6487,12.4106,1.0516
1/31/2020,5.22,5.0638,0.6034,12.4033,1.0511
2/7/2020,5.46,5.3622,0.6384,12.396,1.0507
2/14/2020,5.52,5.4237,0.6424,12.3543,1.045
2/21/2020,5.52,5.437,0.6435,12.3264,1.0446
2/28/2020,5.33,5.2147,0.6167,12.3195,1.0443
3/6/2020,5.36,5.2109,0.6157,12.3044,1.044
3/13/2020,5.25,5.1525,0.6083,12.2977,1.0437
3/20/2020,5.14,5.13,0.6038,12.2863,1.0423
3/27/2020,5.22,5.2129,0.6125,12.2698,1.042
4/3/2020,5.15,5.1717,0.6003,12.0279,1.0321
4/10/2020,5.21,5.2528,0.6033,11.9685,1.0241
4/17/2020,5.14,5.2015,0.5974,11.9619,1.0233
4/24/2020,5.06,5.1079,0.5878,11.9566,1.0205
5/1/2020,5.27,5.3366,0.6111,11.9212,1.0114
5/8/2020,5.11,5.1661,0.5896,11.9058,1.0136
5/15/2020,5.02,5.0961,0.5813,11.8742,1.0097
5/22/2020,4.94,5.0268,0.5709,11.8094,1.007
5/29/2020,5,5.0911,0.5778,11.8021,1.0064
6/5/2020,5.23,5.2757,0.5991,11.7764,1.0058
6/12/2020,5.12,5.1667,0.5855,11.7821,1.0052
6/19/2020,5.18,5.213,0.5904,11.7749,1.0046
6/26/2020,4.76,4.7858,0.544,11.7544,1.008
7/3/2020,4.92,4.9343,0.5605,11.762,1.0079
7/10/2020,4.99,4.9575,0.5651,11.7318,1.0074
7/17/2020,4.86,4.8176,0.5535,11.7246,1.0069
7/24/2020,4.68,4.6528,0.5342,11.7173,1.0064
7/31/2020,4.58,4.5428,0.5147,11.6732,1.0021
8/7/2020,4.56,4.5141,0.5147,11.6684,1.0004
8/14/2020,4.69,4.6504,0.5271,11.603,0.9852
8/21/2020,4.61,4.5607,0.515,11.5537,0.9755
8/28/2020,4.5,4.4131,0.498,11.5469,0.9747
9/4/2020,4.26,4.3158,0.4735,11.1009,0.9228
9/11/2020,4.3,4.368,0.4767,11.0969,0.919
9/18/2020,4.25,4.2715,0.466,11.0929,0.9188
9/25/2020,3.99,4.0533,0.4404,11.0337,0.9201
10/2/2020,4.02,4.0613,0.4356,11.0297,0.92
10/9/2020,4.01,3.9877,0.4277,11.0257,0.9198
10/16/2020,4.42,4.4127,0.4709,10.9396,0.9197
10/23/2020,4.77,4.7925,0.5127,10.8133,0.9195
10/30/2020,4.36,4.377,0.4682,10.8077,0.9194
11/6/2020,4.68,4.68,0.4996,10.8344,0.9089
11/13/2020,4.65,4.6417,0.4953,10.8408,0.9085
11/20/2020,4.56,4.5176,0.4819,10.8354,0.9081
11/27/2020,4.87,4.8315,0.5152,10.8309,0.9078
12/4/2020,4.99,4.9262,0.5247,10.687,0.9074
12/11/2020,4.78,4.7032,0.494,10.7472,0.9017
12/18/2020,4.6,4.5539,0.4753,10.7382,0.8947
12/25/2020,4.54,4.4824,0.4676,10.7342,0.8943
1/1/2021,5.03,4.9409,0.5182,10.782,0.898
1/8/2021,4.96,4.8376,0.5064,10.8129,0.8965
1/15/2021,5.16,5.0326,0.5305,10.811,0.896
1/22/2021,5.04,4.8996,0.5176,10.8821,0.8954
1/29/2021,4.95,4.7547,0.5047,10.8884,0.8958
2/5/2021,4.87,4.7,0.4987,10.8867,0.8953
2/12/2021,5,4.8142,0.5104,10.8851,0.8948
2/19/2021,5.02,4.8266,0.5118,10.8635,0.8942
2/26/2021,5.06,4.8497,0.5158,10.8836,0.8952
3/5/2021,5.47,5.2317,0.5582,10.8085,0.8949
3/12/2021,5.48,5.2437,0.5594,10.8096,0.8945
3/19/2021,5.4,5.1367,0.5454,10.8314,0.8948
3/26/2021,5.44,5.164,0.55,10.8782,0.8945
4/2/2021,5.56,5.1381,0.5605,11.1523,0.939
4/9/2021,5.5,5.0528,0.553,11.1512,0.9386
4/16/2021,5.44,4.8947,0.5387,11.3455,0.9594
4/23/2021,5.42,4.8617,0.5386,11.2647,0.9612
4/30/2021,5.06,4.4705,0.4991,11.5305,0.9701
5/7/2021,5.05,4.4382,0.4943,11.491,0.9613
5/14/2021,4.99,4.3661,0.4879,11.5154,0.9612
5/21/2021,4.96,4.3419,0.4801,11.401,0.9611
5/28/2021,5.1,4.4077,0.4858,11.398,0.961
6/4/2021,5.04,4.3789,0.4816,11.3194,0.9598
6/11/2021,5.04,4.3723,0.4829,11.3546,0.9594
6/18/2021,5.05,4.4116,0.4873,11.3494,0.9589
6/25/2021,5.02,4.3827,0.4838,11.3442,0.9585
7/2/2021,4.55,3.9749,0.4407,11.336,0.959
7/9/2021,4.5,3.9401,0.4354,11.3309,0.9688
7/16/2021,4.48,3.9214,0.4325,11.3258,0.9686
7/23/2021,4.42,3.87,0.4241,11.3237,0.9682
7/30/2021,4.32,3.767,0.4115,11.3068,0.9643
8/6/2021,4.29,3.7559,0.4089,11.3015,0.9641
8/13/2021,4.37,3.8173,0.4153,11.2962,0.9638
8/20/2021,4.35,3.8035,0.4138,11.3014,0.9635
8/27/2021,4.34,3.7836,0.4104,11.2932,0.9632
9/3/2021,4.41,3.8091,0.4191,11.5437,0.9749
9/10/2021,4.47,3.8507,0.4229,11.5357,0.9746
9/17/2021,4.34,3.7478,0.4125,11.5205,0.9743
9/24/2021,4.19,3.6199,0.3973,11.5132,0.974
10/1/2021,4.33,3.7267,0.4072,11.4797,0.9737
10/8/2021,4.37,3.7556,0.4102,11.4715,0.9735
10/15/2021,4.35,3.7367,0.4073,11.4627,0.9732
10/22/2021,4.35,3.708,0.4036,11.4539,0.9729
10/29/2021,4.26,3.6283,0.3955,11.4451,0.9726
11/5/2021,4.19,3.55,0.3884,11.4192,0.9782
11/12/2021,4.27,3.5997,0.3935,11.4111,0.9779
11/19/2021,4.26,3.5911,0.3923,11.4193,0.9776
11/26/2021,4.19,3.5281,0.3851,11.3926,0.9773
12/3/2021,4.36,3.6591,0.4,11.4823,0.9712
12/10/2021,4.34,3.6326,0.3968,11.4735,0.9709
12/17/2021,4.29,3.5602,0.3918,11.4663,0.9706
12/24/2021,4.38,3.6237,0.397,11.5273,0.9743
12/31/2021,4.4,3.6302,0.3956,11.429,0.969
1/7/2022,4.57,3.7891,0.4126,11.4071,0.9613
1/14/2022,4.71,3.9036,0.4254,11.4167,0.9604
1/21/2022,4.7,3.8768,0.4234,11.4608,0.9646
1/28/2022,4.68,3.8655,0.422,11.4577,0.9648
2/4/2022,4.78,3.9395,0.4305,11.4546,0.965
2/11/2022,4.93,4.0481,0.4422,11.433,0.9652
2/18/2022,4.79,3.9048,0.4275,11.4593,0.9683
2/25/2022,4.58,3.7241,0.4058,11.458,0.9639
3/4/2022,4.62,3.7501,0.4085,11.455,0.964
3/11/2022,4.58,3.7057,0.4051,11.4751,0.9642
3/18/2022,4.63,3.7562,0.4106,11.4729,0.9643
3/25/2022,4.69,3.8004,0.4152,11.4707,0.9644
4/1/2022,4.84,3.8767,0.4286,11.41,0.9722
4/8/2022,4.78,3.8186,0.4222,11.4564,0.9803
4/15/2022,4.75,3.7946,0.4177,11.4234,0.984
4/22/2022,4.72,3.836,0.4224,11.4295,0.9892
4/29/2022,4.74,3.9105,0.4302,11.4271,0.989
5/6/2022,4.58,3.8027,0.4203,11.5035,0.9883
5/13/2022,4.57,3.8492,0.4268,11.519,0.9987
5/20/2022,4.65,3.8569,0.4291,11.545,0.9993
5/27/2022,4.7,3.8968,0.4334,11.5428,0.9992
6/3/2022,4.65,3.8391,0.4261,11.5215,0.9942
6/10/2022,4.55,3.7769,0.4192,11.5188,0.994
6/17/2022,4.5,3.7329,0.4144,11.516,0.9938
6/24/2022,4.53,3.7404,0.4148,11.5133,0.9937
7/1/2022,4.66,3.8331,0.4285,11.53,0.999
7/8/2022,4.28,3.5177,0.3946,11.5775,0.9988
7/15/2022,4.01,3.322,0.3725,11.575,0.9985
7/22/2022,4.09,3.3806,0.379,11.6577,0.9983
7/29/2022,4.15,3.4221,0.3836,11.6549,0.9981
8/5/2022,4.1,3.3888,0.3794,11.5588,0.9991
8/12/2022,4.12,3.3966,0.3801,11.5558,0.9988
8/19/2022,4.05,3.381,0.3772,11.5126,0.9955
8/26/2022,4.04,3.3916,0.3788,11.5292,0.9967
9/2/2022,3.94,3.3667,0.3673,11.4272,0.9742
9/9/2022,3.92,3.3756,0.3688,11.3462,0.9678
9/16/2022,3.87,3.3881,0.3668,11.3186,0.9675
9/23/2022,3.82,3.4085,0.3688,11.3147,0.9671
9/30/2022,3.68,3.2745,0.3542,11.3108,0.9668
10/7/2022,3.75,3.3335,0.3605,11.3068,0.9664
10/14/2022,3.61,3.2403,0.3502,11.3029,0.966
10/21/2022,3.72,3.3534,0.3623,11.299,0.9657
10/28/2022,3.6,3.2673,0.3512,11.242,0.959
11/4/2022,3.49,3.1172,0.3366,11.2231,0.9562
11/11/2022,3.73,3.2935,0.355,11.1007,0.9417
11/18/2022,3.67,3.2536,0.3504,11.0938,0.9408
11/25/2022,3.85,3.4346,0.3697,11.0868,0.94
12/2/2022,3.82,3.3665,0.3622,11.0804,0.9392
12/9/2022,3.89,3.3722,0.3631,11.1144,0.9432
12/16/2022,3.84,3.3213,0.3587,11.108,0.9425
12/23/2022,3.85,3.338,0.3587,11.1015,0.9417
12/30/2022,4.02,3.4378,0.3692,11.095,0.941
1/6/2023,4.13,3.4897,0.3749,11.0909,0.9406
1/13/2023,4.2,3.483,0.3738,11.0712,0.9372
1/20/2023,4.22,3.4971,0.3797,11.1311,0.9398
1/27/2023,4.3,3.5578,0.3867,11.1278,0.9395
2/3/2023,4.08,3.3617,0.3653,11.1246,0.9391
2/10/2023,4.04,3.3708,0.3626,11.1621,0.9387
2/17/2023,4,3.3626,0.3616,11.1591,0.9383
2/24/2023,3.99,3.387,0.3647,11.1562,0.9379
3/3/2023,4.1,3.4481,0.3712,11.1532,0.9375
3/10/2023,4.06,3.4143,0.3674,11.1502,0.9372
3/17/2023,4.25,3.5747,0.3825,11.1472,0.9368
3/24/2023,4.22,3.5164,0.3782,11.1442,0.9364
3/31/2023,4.18,3.4993,0.3717,11.1353,0.9327
4/7/2023,4.15,3.4822,0.369,11.0645,0.9232
4/14/2023,4.25,3.5295,0.3799,11.1107,0.9215
4/21/2023,4.26,3.545,0.3815,11.1095,0.9212
4/28/2023,4.22,3.5267,0.3782,11.1111,0.9214
5/5/2023,4.47,3.7716,0.4008,10.8982,0.9057
5/12/2023,4.33,3.6929,0.3907,10.8949,0.9053
5/19/2023,4.42,3.8028,0.4025,10.8945,0.9055
5/26/2023,4.23,3.6617,0.3874,10.8911,0.9051
6/2/2023,4.2,3.6349,0.3841,10.8765,0.9048
6/9/2023,4.34,3.774,0.3986,10.8723,0.9044
6/16/2023,4.21,3.6809,0.3872,10.8682,0.9015
6/23/2023,4.13,3.6787,0.3825,10.8956,0.8741
6/30/2023,4.18,3.7547,0.3903,10.892,0.8735
7/7/2023,3.61,3.2292,0.3355,10.8884,0.8729
7/14/2023,3.66,3.2365,0.3363,10.8848,0.8723
7/21/2023,3.66,3.2685,0.3383,10.8898,0.8702
7/28/2023,3.74,3.3343,0.3443,10.7272,0.8592
8/4/2023,3.64,3.2647,0.3352,10.705,0.8571
8/11/2023,3.57,3.2537,0.331,10.6984,0.8588
8/18/2023,3.41,3.1183,0.317,10.6916,0.8575
8/25/2023,3.46,3.1597,0.321,10.6864,0.8568
9/1/2023,3.6,3.2941,0.3324,10.5558,0.8437
9/8/2023,3.77,3.4944,0.3513,10.4809,0.8391
9/15/2023,3.8,3.4986,0.3514,10.4744,0.8381
9/22/2023,3.81,3.5294,0.3532,10.4697,0.8355
9/29/2023,3.77,3.4954,0.3483,10.4668,0.8345
10/6/2023,3.66,3.3354,0.3322,10.4593,0.8335
10/13/2023,3.85,3.5574,0.3555,10.5006,0.8298
10/20/2023,3.76,3.4762,0.347,10.493,0.8288
10/27/2023,3.85,3.5594,0.3551,10.4854,0.8278
11/3/2023,3.81,3.5096,0.3496,10.454,0.8228
11/10/2023,3.68,3.3942,0.3378,10.4159,0.8219
11/17/2023,3.75,3.4256,0.3406,10.4081,0.8209
11/24/2023,3.79,3.4117,0.3407,10.397,0.8199
12/1/2023,3.69,3.3025,0.3295,10.3892,0.8189
12/8/2023,3.63,3.2923,0.3257,10.3789,0.8179
12/15/2023,3.7,3.329,0.3295,10.3752,0.817
12/22/2023,3.68,3.3224,0.3274,10.3146,0.812
12/29/2023,3.82,3.4319,0.338,10.307,0.811
1/5/2024,3.75,3.3927,0.3338,10.4072,0.8105
1/12/2024,3.69,3.3412,0.3285,10.4009,0.8098
1/19/2024,3.59,3.2598,0.3204,10.3947,0.809
1/26/2024,3.82,3.4854,0.3401,10.3884,0.7981
2/2/2024,3.79,3.4705,0.3376,10.3821,0.7943
2/9/2024,3.83,3.5397,0.3408,10.2052,0.7951
2/16/2024,3.93,3.6274,0.3495,10.2018,0.7946
2/23/2024,4.14,3.8164,0.3676,10.1984,0.7941
3/1/2024,4.05,3.7278,0.359,10.1951,0.7935
3/8/2024,4.05,3.7215,0.3583,10.1917,0.7946
3/15/2024,3.98,3.6579,0.352,10.1883,0.7941
3/22/2024,3.96,3.6526,0.3514,10.185,0.7936
3/29/2024,3.94,3.6279,0.3479,10.2022,0.7872
4/5/2024,3.97,3.6541,0.3505,10.1943,0.7841
4/12/2024,3.99,3.6675,0.3516,10.1907,0.7832
4/19/2024,4.11,3.7795,0.3619,10.138,0.7796
4/26/2024,4.15,3.8162,0.3655,10.1357,0.7789
5/3/2024,4.28,3.9654,0.377,10.0722,0.7758
5/10/2024,4.53,4.1829,0.3976,10.0666,0.7415
5/17/2024,4.71,4.3574,0.4133,10.0434,0.739
5/24/2024,4.66,4.3659,0.4101,9.8863,0.6983
5/31/2024,4.42,4.1555,0.385,9.8009,0.6943
6/7/2024,4.42,4.1683,0.3854,9.7931,0.6909
6/14/2024,4.34,4.0961,0.3784,9.7853,0.6876
6/21/2024,4.52,4.2975,0.3942,9.7775,0.6842
6/28/2024,4.64,4.4114,0.4039,9.7696,0.6808
7/5/2024,4.7,4.4655,0.4086,9.7618,0.6775
7/12/2024,4.48,4.247,0.3881,9.754,0.6741
7/19/2024,4.25,4.0368,0.3685,9.7462,0.6631
7/26/2024,4.31,4.0885,0.3722,9.7383,0.6593
8/2/2024,4.32,4.023,0.3685,9.6681,0.6544
8/9/2024,4.39,4.0891,0.3741,9.6479,0.6537
8/16/2024,4.62,4.2986,0.3928,9.6333,0.6499
8/23/2024,4.72,4.3678,0.3987,9.6233,0.6461
8/30/2024,4.49,4.1132,0.3769,9.6137,0.6423
9/6/2024,4.21,3.8721,0.3528,9.5666,0.6351
9/13/2024,4.22,3.8839,0.3531,9.5417,0.6312
9/20/2024,4.39,4.0165,0.3648,9.5315,0.6274
9/27/2024,4.71,4.2962,0.3897,9.5213,0.6235
10/1/2024,4.64,4.2385,0.3842,9.5167,0.6218
